2022-10-02T13:21:23+00:00Z,00:01,00:01
2022-10-02T13:21:24+00:00Z,00:03,00:01
2022-10-02T13:21:25+00:00Z,00:04,00:01
2022-10-02T13:21:26+00:00Z,00:05,00:01
2022-10-02T13:21:28+00:00Z,00:06,00:01
2022-10-02T13:21:29+00:00Z,00:08,00:01
2022-10-02T13:21:30+00:00Z,00:09,00:01
2022-10-02T13:21:32+00:00Z,00:10,00:01
2022-10-02T13:21:33+00:00Z,00:12,00:01
2022-10-02T13:21:34+00:00Z,00:13,00:01
2022-10-02T13:21:35+00:00Z,00:14,00:01
2022-10-02T13:21:37+00:00Z,00:16,00:01
2022-10-02T13:21:38+00:00Z,00:17,00:01
2022-10-02T13:21:39+00:00Z,00:18,00:01
2022-10-02T13:21:41+00:00Z,00:19,00:01
2022-10-02T13:21:42+00:00Z,00:21,00:01
2022-10-02T13:21:43+00:00Z,00:22,00:01
2022-10-02T13:21:44+00:00Z,00:23,00:01
2022-10-02T13:21:46+00:00Z,00:25,00:01
2022-10-02T13:21:47+00:00Z,00:26,00:01
2022-10-02T13:21:48+00:00Z,00:27,00:01
2022-10-02T13:21:50+00:00Z,00:29,00:01
2022-10-02T13:21:51+00:00Z,00:30,00:01
2022-10-02T13:21:52+00:00Z,00:31,00:01
2022-10-02T13:21:54+00:00Z,00:32,00:01
2022-10-02T13:21:55+00:00Z,00:34,00:01
2022-10-02T13:21:56+00:00Z,00:35,00:01
2022-10-02T13:21:58+00:00Z,00:36,00:01
2022-10-02T13:21:59+00:00Z,00:38,00:01
2022-10-02T13:22:00+00:00Z,00:39,00:01
2022-10-02T13:22:01+00:00Z,00:40,00:01
2022-10-02T13:22:03+00:00Z,00:42,00:01
2022-10-02T13:22:04+00:00Z,00:43,00:01
2022-10-02T13:22:05+00:00Z,00:44,00:01
2022-10-02T13:22:07+00:00Z,00:45,00:01
2022-10-02T13:22:08+00:00Z,00:47,00:01
2022-10-02T13:22:09+00:00Z,00:48,00:01
2022-10-02T13:22:10+00:00Z,00:49,00:01
2022-10-02T13:22:12+00:00Z,00:51,00:01
2022-10-02T13:22:13+00:00Z,00:52,00:01
2022-10-02T13:22:14+00:00Z,00:53,00:01
2022-10-02T13:22:16+00:00Z,00:54,00:01
2022-10-02T13:22:17+00:00Z,00:56,00:01
2022-10-02T13:22:18+00:00Z,00:57,00:01
2022-10-02T13:22:19+00:00Z,00:58,00:01
2022-10-02T13:22:21+00:00Z,01:00,00:01
2022-10-02T13:22:22+00:00Z,01:01,00:01
2022-10-02T13:22:23+00:00Z,01:02,00:01
2022-10-02T13:22:25+00:00Z,01:03,00:01
2022-10-02T13:22:26+00:00Z,01:05,00:01
2022-10-02T13:22:27+00:00Z,01:06,00:01
2022-10-02T13:22:28+00:00Z,01:07,00:01
2022-10-02T13:22:30+00:00Z,01:09,00:01
2022-10-02T13:22:31+00:00Z,01:10,00:01
2022-10-02T13:22:32+00:00Z,01:11,00:01
2022-10-02T13:22:34+00:00Z,01:12,00:01
2022-10-02T13:22:35+00:00Z,01:14,00:01
2022-10-02T13:22:36+00:00Z,01:15,00:01
2022-10-02T13:22:37+00:00Z,01:16,00:01
2022-10-02T13:22:39+00:00Z,01:17,00:01
2022-10-02T13:22:40+00:00Z,01:19,00:01
2022-10-02T13:22:41+00:00Z,01:20,00:01
2022-10-02T13:22:43+00:00Z,01:21,00:01
2022-10-02T13:22:44+00:00Z,01:23,00:01
2022-10-02T13:22:45+00:00Z,01:24,00:01
2022-10-02T13:22:46+00:00Z,01:25,00:01
2022-10-02T13:22:48+00:00Z,01:27,00:01
2022-10-02T13:22:49+00:00Z,01:28,00:01
2022-10-02T13:22:50+00:00Z,01:29,00:01
2022-10-02T13:22:52+00:00Z,01:30,00:01
2022-10-02T13:22:53+00:00Z,01:32,00:01
2022-10-02T13:22:54+00:00Z,01:33,00:01
2022-10-02T13:22:55+00:00Z,01:34,00:01
2022-10-02T13:22:57+00:00Z,01:36,00:01
2022-10-02T13:22:58+00:00Z,01:37,00:01
2022-10-02T13:22:59+00:00Z,01:38,00:01
2022-10-02T13:23:01+00:00Z,01:39,00:01
2022-10-02T13:23:02+00:00Z,01:41,00:01
2022-10-02T13:23:03+00:00Z,01:42,00:01
2022-10-02T13:23:04+00:00Z,01:43,00:01
2022-10-02T13:23:06+00:00Z,01:45,00:01
2022-10-02T13:23:07+00:00Z,01:46,00:01
2022-10-02T13:23:08+00:00Z,01:47,00:01
2022-10-02T13:23:10+00:00Z,01:48,00:01
2022-10-02T13:23:11+00:00Z,01:50,00:01
2022-10-02T13:23:12+00:00Z,01:51,00:01
2022-10-02T13:23:13+00:00Z,01:52,00:01
2022-10-02T13:23:15+00:00Z,01:54,00:01
2022-10-02T13:23:16+00:00Z,01:55,00:01
2022-10-02T13:23:17+00:00Z,01:56,00:01
2022-10-02T13:23:19+00:00Z,01:57,00:01
2022-10-02T13:23:20+00:00Z,01:59,00:01
2022-10-02T13:23:21+00:00Z,02:00,00:01
2022-10-02T13:23:22+00:00Z,02:01,00:01
2022-10-02T13:23:24+00:00Z,02:03,00:01
2022-10-02T13:23:25+00:00Z,02:04,00:01
2022-10-02T13:23:26+00:00Z,02:05,00:01
2022-10-02T13:23:28+00:00Z,02:06,00:01
2022-10-02T13:23:29+00:00Z,02:08,00:01
2022-10-02T13:23:30+00:00Z,02:09,00:01
2022-10-02T13:23:31+00:00Z,02:10,00:01
2022-10-02T13:23:33+00:00Z,02:12,00:01
2022-10-02T13:23:34+00:00Z,02:13,00:01
2022-10-02T13:23:35+00:00Z,02:14,00:01
2022-10-02T13:23:37+00:00Z,02:16,00:01
2022-10-02T13:23:38+00:00Z,02:17,00:01
2022-10-02T13:23:39+00:00Z,02:18,00:01
2022-10-02T13:23:41+00:00Z,02:19,00:01
2022-10-02T13:23:42+00:00Z,02:21,00:01
2022-10-02T13:23:43+00:00Z,02:22,00:01
2022-10-02T13:23:45+00:00Z,02:23,00:01
2022-10-02T13:23:46+00:00Z,02:25,00:01
2022-10-02T13:23:47+00:00Z,02:26,00:01
2022-10-02T13:23:49+00:00Z,02:27,00:01
2022-10-02T13:23:50+00:00Z,02:29,00:01
2022-10-02T13:23:51+00:00Z,02:30,00:01
2022-10-02T13:23:53+00:00Z,02:31,00:01
2022-10-02T13:23:54+00:00Z,02:33,00:01
2022-10-02T13:23:55+00:00Z,02:34,00:01
2022-10-02T13:23:56+00:00Z,02:35,00:01
2022-10-02T13:23:58+00:00Z,02:37,00:01
2022-10-02T13:23:59+00:00Z,02:38,00:01
2022-10-02T13:24:00+00:00Z,02:39,00:01
2022-10-02T13:24:02+00:00Z,02:41,00:01
2022-10-02T13:24:03+00:00Z,02:42,00:01
2022-10-02T13:24:04+00:00Z,02:43,00:01
2022-10-02T13:24:06+00:00Z,02:45,00:01
2022-10-02T13:24:07+00:00Z,02:46,00:01
2022-10-02T13:24:08+00:00Z,02:47,00:01
2022-10-02T13:24:09+00:00Z,02:48,00:01
2022-10-02T13:24:11+00:00Z,02:50,00:01
2022-10-02T13:24:12+00:00Z,02:51,00:01
2022-10-02T13:24:13+00:00Z,02:52,00:01
2022-10-02T13:24:14+00:00Z,02:53,00:01
2022-10-02T13:24:32+00:00Z,00:17,00:17
2022-10-02T13:24:51+00:00Z,00:36,00:18
2022-10-02T13:25:08+00:00Z,00:53,00:17
2022-10-02T13:25:24+00:00Z,01:09,00:16
2022-10-02T13:25:41+00:00Z,01:26,00:16
2022-10-02T13:25:58+00:00Z,01:43,00:16
2022-10-02T13:26:17+00:00Z,02:02,00:19
2022-10-02T13:26:35+00:00Z,02:20,00:18
2022-10-02T13:26:54+00:00Z,02:38,00:18
2022-10-02T13:27:11+00:00Z,02:56,00:17
2022-10-02T13:27:29+00:00Z,03:14,00:18
2022-10-02T13:27:47+00:00Z,03:31,00:17
2022-10-02T13:28:04+00:00Z,03:48,00:17
2022-10-02T13:28:21+00:00Z,04:06,00:17
2022-10-02T13:28:38+00:00Z,04:23,00:17
2022-10-02T13:28:55+00:00Z,04:40,00:17
2022-10-02T13:29:12+00:00Z,04:57,00:16
2022-10-02T13:29:29+00:00Z,05:13,00:16
2022-10-02T13:29:46+00:00Z,05:31,00:17
2022-10-02T13:30:02+00:00Z,05:46,00:15
2022-10-02T13:30:19+00:00Z,06:03,00:16
2022-10-02T13:30:36+00:00Z,06:21,00:17
2022-10-02T13:30:53+00:00Z,06:38,00:17
2022-10-02T13:31:13+00:00Z,06:58,00:19
2022-10-02T13:31:31+00:00Z,07:16,00:18
2022-10-02T13:31:49+00:00Z,07:34,00:17
2022-10-02T13:32:07+00:00Z,07:52,00:18
2022-10-02T13:32:24+00:00Z,08:09,00:17
2022-10-02T13:32:42+00:00Z,08:27,00:17
2022-10-02T13:33:00+00:00Z,08:45,00:17
2022-10-02T13:33:16+00:00Z,09:01,00:16
2022-10-02T13:33:35+00:00Z,09:20,00:18
2022-10-02T13:33:51+00:00Z,09:36,00:16
2022-10-02T13:34:09+00:00Z,09:54,00:17
2022-10-02T13:34:28+00:00Z,10:12,00:18
2022-10-02T13:34:44+00:00Z,10:29,00:16
2022-10-02T13:35:02+00:00Z,10:47,00:17
2022-10-02T13:35:19+00:00Z,11:04,00:17
2022-10-02T13:35:37+00:00Z,11:21,00:17
2022-10-02T13:35:53+00:00Z,11:38,00:16
2022-10-02T13:36:10+00:00Z,11:55,00:16
2022-10-02T13:36:27+00:00Z,12:12,00:17
2022-10-02T13:36:44+00:00Z,12:29,00:16
2022-10-02T13:37:01+00:00Z,12:46,00:16
2022-10-02T13:37:18+00:00Z,13:03,00:17
2022-10-02T13:37:34+00:00Z,13:19,00:15
2022-10-02T13:37:51+00:00Z,13:36,00:16
2022-10-02T13:38:09+00:00Z,13:53,00:17
2022-10-02T13:38:24+00:00Z,14:09,00:15
2022-10-02T13:38:40+00:00Z,14:25,00:16
2022-10-02T13:38:58+00:00Z,14:43,00:18
2022-10-02T13:39:15+00:00Z,15:00,00:16
2022-10-02T13:39:32+00:00Z,15:17,00:17
2022-10-02T13:39:50+00:00Z,15:35,00:17
2022-10-02T13:40:06+00:00Z,15:51,00:16
2022-10-02T13:40:24+00:00Z,16:08,00:17
2022-10-02T13:40:40+00:00Z,16:25,00:16
2022-10-02T13:40:58+00:00Z,16:42,00:17
2022-10-02T13:41:13+00:00Z,16:58,00:15
2022-10-02T13:41:32+00:00Z,17:17,00:18
2022-10-02T13:41:48+00:00Z,17:33,00:16
2022-10-02T13:42:06+00:00Z,17:51,00:17
2022-10-02T13:42:23+00:00Z,18:08,00:16
2022-10-02T13:42:41+00:00Z,18:25,00:17
2022-10-02T13:42:56+00:00Z,18:41,00:15
2022-10-02T13:43:15+00:00Z,19:00,00:18
2022-10-02T13:43:33+00:00Z,19:18,00:17
2022-10-02T13:43:50+00:00Z,19:35,00:17
2022-10-02T13:44:09+00:00Z,19:53,00:18
2022-10-02T13:44:26+00:00Z,20:10,00:16
2022-10-02T13:44:42+00:00Z,20:27,00:16
2022-10-02T13:45:01+00:00Z,20:46,00:18
2022-10-02T13:45:17+00:00Z,21:01,00:15
2022-10-02T13:45:34+00:00Z,21:19,00:17
2022-10-02T13:45:52+00:00Z,21:36,00:17
2022-10-02T13:46:07+00:00Z,21:52,00:15
2022-10-02T13:46:24+00:00Z,22:09,00:16
2022-10-02T13:46:42+00:00Z,22:27,00:17
2022-10-02T13:46:58+00:00Z,22:43,00:16
2022-10-02T13:47:15+00:00Z,23:00,00:17
2022-10-02T13:47:33+00:00Z,23:18,00:17
2022-10-02T13:47:48+00:00Z,23:33,00:15
2022-10-02T13:48:05+00:00Z,23:50,00:16
2022-10-02T13:48:23+00:00Z,24:08,00:18
2022-10-02T13:48:38+00:00Z,24:23,00:14
2022-10-02T13:48:56+00:00Z,24:41,00:17
2022-10-02T13:49:13+00:00Z,24:58,00:17
2022-10-02T13:49:30+00:00Z,25:15,00:17
2022-10-02T13:49:46+00:00Z,25:31,00:16
2022-10-02T13:50:04+00:00Z,25:49,00:17
2022-10-02T13:50:19+00:00Z,26:04,00:15
2022-10-02T13:50:37+00:00Z,26:22,00:18
2022-10-02T13:50:55+00:00Z,26:40,00:18
2022-10-02T13:51:12+00:00Z,26:56,00:16
2022-10-02T13:51:27+00:00Z,27:12,00:15
2022-10-02T13:51:43+00:00Z,27:28,00:15
2022-10-02T13:52:01+00:00Z,27:45,00:17
2022-10-02T13:52:17+00:00Z,28:02,00:16
2022-10-02T13:52:34+00:00Z,28:19,00:16
2022-10-02T13:52:50+00:00Z,28:34,00:15
2022-10-02T13:53:06+00:00Z,28:51,00:16
2022-10-02T13:53:25+00:00Z,29:10,00:19
2022-10-02T13:53:44+00:00Z,29:29,00:18
2022-10-02T13:54:05+00:00Z,29:50,00:20
2022-10-02T13:54:30+00:00Z,30:15,00:24
2022-10-02T13:54:50+00:00Z,30:35,00:20
2022-10-02T13:55:11+00:00Z,30:56,00:21
2022-10-02T13:55:31+00:00Z,31:15,00:19
2022-10-02T13:55:47+00:00Z,31:32,00:16
2022-10-02T13:56:05+00:00Z,31:50,00:17
2022-10-02T13:56:23+00:00Z,32:08,00:18
2022-10-02T13:56:40+00:00Z,32:25,00:16
2022-10-02T13:56:58+00:00Z,32:42,00:17
2022-10-02T13:57:15+00:00Z,32:59,00:17
2022-10-02T13:57:32+00:00Z,33:17,00:17
2022-10-02T13:57:49+00:00Z,33:34,00:16
2022-10-02T13:58:06+00:00Z,33:50,00:16
2022-10-02T13:58:23+00:00Z,34:08,00:17
2022-10-02T13:58:40+00:00Z,34:25,00:16
2022-10-02T13:58:57+00:00Z,34:42,00:17
2022-10-02T13:59:12+00:00Z,34:57,00:15
2022-10-02T13:59:29+00:00Z,35:14,00:16
2022-10-02T13:59:45+00:00Z,35:30,00:16
2022-10-02T14:00:02+00:00Z,35:47,00:16
2022-10-02T14:00:20+00:00Z,36:05,00:18
2022-10-02T14:00:37+00:00Z,36:22,00:16
2022-10-02T14:00:53+00:00Z,36:38,00:16
2022-10-02T14:01:11+00:00Z,36:55,00:17
2022-10-02T14:01:27+00:00Z,37:11,00:16
2022-10-02T14:01:41+00:00Z,37:26,00:14
2022-10-02T14:01:59+00:00Z,37:44,00:18
2022-10-02T14:02:14+00:00Z,37:59,00:15
2022-10-02T14:02:32+00:00Z,38:17,00:17
2022-10-02T14:02:49+00:00Z,38:34,00:17
2022-10-02T14:03:07+00:00Z,38:52,00:17
2022-10-02T14:03:24+00:00Z,39:09,00:16
2022-10-02T14:03:41+00:00Z,39:26,00:17
2022-10-02T14:03:58+00:00Z,39:43,00:16
2022-10-02T14:04:16+00:00Z,40:01,00:18
2022-10-02T14:04:33+00:00Z,40:18,00:16
2022-10-02T14:04:50+00:00Z,40:35,00:17
2022-10-02T14:05:09+00:00Z,40:54,00:18
2022-10-02T14:05:26+00:00Z,41:11,00:16
2022-10-02T14:05:44+00:00Z,41:29,00:18
2022-10-02T14:06:01+00:00Z,41:46,00:17
2022-10-02T14:06:18+00:00Z,42:03,00:17
2022-10-02T14:06:37+00:00Z,42:22,00:18
2022-10-02T14:06:53+00:00Z,42:38,00:16
2022-10-02T14:07:11+00:00Z,42:56,00:17
2022-10-02T14:07:28+00:00Z,43:12,00:16
2022-10-02T14:07:44+00:00Z,43:29,00:16
2022-10-02T14:08:00+00:00Z,43:45,00:16
2022-10-02T14:08:17+00:00Z,44:02,00:16
2022-10-02T14:08:35+00:00Z,44:19,00:17
2022-10-02T14:08:51+00:00Z,44:36,00:16
2022-10-02T14:09:08+00:00Z,44:53,00:17
2022-10-02T14:09:24+00:00Z,45:08,00:15
2022-10-02T14:09:41+00:00Z,45:25,00:17
2022-10-02T14:09:57+00:00Z,45:42,00:16
2022-10-02T14:10:15+00:00Z,46:00,00:17
2022-10-02T14:10:31+00:00Z,46:16,00:16
2022-10-02T14:10:48+00:00Z,46:33,00:17
2022-10-02T14:11:05+00:00Z,46:50,00:16
2022-10-02T14:11:22+00:00Z,47:07,00:17
2022-10-02T14:11:39+00:00Z,47:24,00:17
2022-10-02T14:11:56+00:00Z,47:41,00:16
2022-10-02T14:12:14+00:00Z,47:58,00:17
2022-10-02T14:12:30+00:00Z,48:15,00:16
2022-10-02T14:12:47+00:00Z,48:32,00:16
2022-10-02T14:13:03+00:00Z,48:47,00:15
2022-10-02T14:13:20+00:00Z,49:04,00:16
2022-10-02T14:13:36+00:00Z,49:21,00:16
2022-10-02T14:13:52+00:00Z,49:37,00:16
2022-10-02T14:14:10+00:00Z,49:55,00:17
2022-10-02T14:14:29+00:00Z,50:13,00:18
2022-10-02T14:14:46+00:00Z,50:30,00:17
2022-10-02T14:15:03+00:00Z,50:48,00:17
2022-10-02T14:15:19+00:00Z,51:04,00:16
2022-10-02T14:15:36+00:00Z,51:21,00:16
2022-10-02T14:15:53+00:00Z,51:38,00:17
2022-10-02T14:16:09+00:00Z,51:54,00:15
2022-10-02T14:16:27+00:00Z,52:12,00:17
2022-10-02T14:16:43+00:00Z,52:28,00:16
2022-10-02T14:17:01+00:00Z,52:46,00:18
2022-10-02T14:17:19+00:00Z,53:04,00:17
2022-10-02T14:17:36+00:00Z,53:20,00:16
2022-10-02T14:17:53+00:00Z,53:37,00:16
2022-10-02T14:18:11+00:00Z,53:56,00:18
2022-10-02T14:18:26+00:00Z,54:11,00:15
2022-10-02T14:18:43+00:00Z,54:28,00:16
2022-10-02T14:19:01+00:00Z,54:46,00:17
2022-10-02T14:19:17+00:00Z,55:02,00:16
2022-10-02T14:19:35+00:00Z,55:20,00:17
2022-10-02T14:19:54+00:00Z,55:38,00:18
2022-10-02T14:20:10+00:00Z,55:55,00:16
2022-10-02T14:20:27+00:00Z,56:12,00:17
2022-10-02T14:20:46+00:00Z,56:30,00:18
2022-10-02T14:21:03+00:00Z,56:48,00:17
2022-10-02T14:21:21+00:00Z,57:06,00:18
2022-10-02T14:21:39+00:00Z,57:24,00:18
2022-10-02T14:21:54+00:00Z,57:39,00:15
2022-10-02T14:22:12+00:00Z,57:57,00:17
2022-10-02T14:22:29+00:00Z,58:14,00:17
2022-10-02T14:22:49+00:00Z,58:34,00:19
2022-10-02T14:23:09+00:00Z,58:54,00:19
2022-10-02T14:23:31+00:00Z,59:16,00:21
2022-10-02T14:23:49+00:00Z,59:34,00:18
2022-10-02T14:24:07+00:00Z,59:52,00:18
2022-10-02T14:24:25+00:00Z,60:10,00:18
2022-10-02T14:24:42+00:00Z,60:27,00:16
2022-10-02T14:24:59+00:00Z,60:43,00:16
2022-10-02T14:25:15+00:00Z,61:00,00:16
2022-10-02T14:25:33+00:00Z,61:17,00:17
2022-10-02T14:25:49+00:00Z,61:34,00:16
2022-10-02T14:26:07+00:00Z,61:52,00:17
2022-10-02T14:26:22+00:00Z,62:07,00:15
2022-10-02T14:26:39+00:00Z,62:24,00:17
2022-10-02T14:26:56+00:00Z,62:41,00:16
2022-10-02T14:27:13+00:00Z,62:58,00:17
2022-10-02T14:27:32+00:00Z,63:17,00:18
2022-10-02T14:27:49+00:00Z,63:34,00:16
2022-10-02T14:28:06+00:00Z,63:51,00:17
2022-10-02T14:28:23+00:00Z,64:08,00:16
2022-10-02T14:28:41+00:00Z,64:26,00:18
2022-10-02T14:28:58+00:00Z,64:42,00:16
2022-10-02T14:29:15+00:00Z,65:00,00:17
2022-10-02T14:29:32+00:00Z,65:17,00:16
2022-10-02T14:29:50+00:00Z,65:35,00:18
2022-10-02T14:30:07+00:00Z,65:52,00:17
2022-10-02T14:30:25+00:00Z,66:10,00:17
2022-10-02T14:30:44+00:00Z,66:29,00:18
2022-10-02T14:31:01+00:00Z,66:46,00:16
2022-10-02T14:31:19+00:00Z,67:04,00:17
2022-10-02T14:31:36+00:00Z,67:21,00:17
2022-10-02T14:31:52+00:00Z,67:37,00:15
2022-10-02T14:32:10+00:00Z,67:55,00:18
2022-10-02T14:32:27+00:00Z,68:12,00:17
2022-10-02T14:32:43+00:00Z,68:28,00:16
2022-10-02T14:33:00+00:00Z,68:45,00:17
2022-10-02T14:33:18+00:00Z,69:03,00:17
2022-10-02T14:33:34+00:00Z,69:19,00:16
2022-10-02T14:33:52+00:00Z,69:37,00:17
2022-10-02T14:34:09+00:00Z,69:54,00:16
2022-10-02T14:34:26+00:00Z,70:11,00:17
2022-10-02T14:34:44+00:00Z,70:29,00:17
2022-10-02T14:35:02+00:00Z,70:47,00:18
2022-10-02T14:35:26+00:00Z,71:11,00:23
2022-10-02T14:35:50+00:00Z,71:35,00:23
2022-10-02T14:36:12+00:00Z,71:57,00:22
2022-10-02T14:36:33+00:00Z,72:18,00:20
2022-10-02T14:36:53+00:00Z,72:38,00:20
2022-10-02T14:37:11+00:00Z,72:56,00:18
2022-10-02T14:37:30+00:00Z,73:15,00:19
2022-10-02T14:37:48+00:00Z,73:33,00:17
2022-10-02T14:38:06+00:00Z,73:51,00:17
2022-10-02T14:38:24+00:00Z,74:09,00:18
2022-10-02T14:38:43+00:00Z,74:28,00:18
2022-10-02T14:39:01+00:00Z,74:46,00:17
2022-10-02T14:39:16+00:00Z,75:01,00:15
2022-10-02T14:39:35+00:00Z,75:19,00:18
2022-10-02T14:39:52+00:00Z,75:37,00:17
2022-10-02T14:40:11+00:00Z,75:56,00:18
2022-10-02T14:40:31+00:00Z,76:15,00:19
2022-10-02T14:40:49+00:00Z,76:34,00:18
2022-10-02T14:41:07+00:00Z,76:51,00:17
2022-10-02T14:41:25+00:00Z,77:10,00:18
2022-10-02T14:41:42+00:00Z,77:27,00:17
2022-10-02T14:42:00+00:00Z,77:45,00:18
2022-10-02T14:42:19+00:00Z,78:04,00:18
2022-10-02T14:42:37+00:00Z,78:22,00:17
2022-10-02T14:42:55+00:00Z,78:39,00:17
2022-10-02T14:43:11+00:00Z,78:56,00:16
2022-10-02T14:43:29+00:00Z,79:14,00:18
2022-10-02T14:43:48+00:00Z,79:33,00:18
2022-10-02T14:44:05+00:00Z,79:49,00:16
2022-10-02T14:44:22+00:00Z,80:07,00:17
2022-10-02T14:44:39+00:00Z,80:24,00:17
2022-10-02T14:44:57+00:00Z,80:41,00:17
2022-10-02T14:45:14+00:00Z,80:59,00:17
2022-10-02T14:45:30+00:00Z,81:15,00:16
2022-10-02T14:45:47+00:00Z,81:32,00:16
2022-10-02T14:46:04+00:00Z,81:49,00:16
2022-10-02T14:46:21+00:00Z,82:06,00:17
2022-10-02T14:46:38+00:00Z,82:23,00:17
2022-10-02T14:46:54+00:00Z,82:38,00:15
2022-10-02T14:47:12+00:00Z,82:57,00:18
2022-10-02T14:47:28+00:00Z,83:13,00:16
2022-10-02T14:47:46+00:00Z,83:30,00:17
2022-10-02T14:48:03+00:00Z,83:48,00:17
2022-10-02T14:48:22+00:00Z,84:07,00:19
2022-10-02T14:48:43+00:00Z,84:28,00:20
2022-10-02T14:49:03+00:00Z,84:48,00:20
2022-10-02T14:49:24+00:00Z,85:08,00:20
2022-10-02T14:49:45+00:00Z,85:30,00:21
2022-10-02T14:50:07+00:00Z,85:52,00:21
2022-10-02T14:50:27+00:00Z,86:11,00:19
2022-10-02T14:50:45+00:00Z,86:30,00:18
2022-10-02T14:51:05+00:00Z,86:50,00:20
2022-10-02T14:51:23+00:00Z,87:08,00:17
2022-10-02T14:51:42+00:00Z,87:27,00:19
2022-10-02T14:52:02+00:00Z,87:47,00:20
2022-10-02T14:52:20+00:00Z,88:05,00:17
2022-10-02T14:52:40+00:00Z,88:24,00:19
2022-10-02T14:52:57+00:00Z,88:42,00:17
2022-10-02T14:53:15+00:00Z,89:00,00:17
2022-10-02T14:53:38+00:00Z,89:23,00:23
2022-10-02T14:53:56+00:00Z,89:41,00:18
2022-10-02T14:54:15+00:00Z,90:00,00:18
2022-10-02T14:54:32+00:00Z,90:17,00:17
2022-10-02T14:54:50+00:00Z,90:35,00:17
2022-10-02T14:55:09+00:00Z,90:54,00:18
2022-10-02T14:55:28+00:00Z,91:13,00:19
2022-10-02T14:55:45+00:00Z,91:30,00:16
2022-10-02T14:56:04+00:00Z,91:48,00:18
2022-10-02T14:56:21+00:00Z,92:06,00:17
2022-10-02T14:56:38+00:00Z,92:22,00:16
2022-10-02T14:56:58+00:00Z,92:43,00:20
2022-10-02T14:57:17+00:00Z,93:01,00:18
2022-10-02T14:57:34+00:00Z,93:18,00:16
2022-10-02T14:57:51+00:00Z,93:35,00:17
2022-10-02T14:58:08+00:00Z,93:53,00:17
2022-10-02T14:58:25+00:00Z,94:10,00:17
2022-10-02T14:58:44+00:00Z,94:28,00:18
2022-10-02T14:59:00+00:00Z,94:45,00:16
2022-10-02T14:59:18+00:00Z,95:03,00:17
2022-10-02T14:59:37+00:00Z,95:22,00:18
2022-10-02T14:59:54+00:00Z,95:39,00:17
2022-10-02T15:00:13+00:00Z,95:58,00:19
2022-10-02T15:00:32+00:00Z,96:16,00:18
2022-10-02T15:00:50+00:00Z,96:35,00:18
2022-10-02T15:01:07+00:00Z,96:52,00:17
2022-10-02T15:01:28+00:00Z,97:13,00:21
2022-10-02T15:01:49+00:00Z,97:33,00:20
2022-10-02T15:02:09+00:00Z,97:54,00:20
2022-10-02T15:02:29+00:00Z,98:14,00:19
2022-10-02T15:02:48+00:00Z,98:33,00:19
2022-10-02T15:03:06+00:00Z,98:50,00:17
2022-10-02T15:03:26+00:00Z,99:10,00:20
2022-10-02T15:03:43+00:00Z,99:28,00:17
2022-10-02T15:04:01+00:00Z,99:45,00:17
2022-10-02T15:04:19+00:00Z,100:04,00:18
2022-10-02T15:04:36+00:00Z,100:21,00:17
2022-10-02T15:04:54+00:00Z,100:38,00:17
2022-10-02T15:05:14+00:00Z,100:58,00:20
2022-10-02T15:05:33+00:00Z,101:18,00:19
2022-10-02T15:05:51+00:00Z,101:36,00:18
2022-10-02T15:06:11+00:00Z,101:55,00:19
2022-10-02T15:06:28+00:00Z,102:13,00:17
2022-10-02T15:06:48+00:00Z,102:33,00:19
2022-10-02T15:07:08+00:00Z,102:53,00:20
2022-10-02T15:07:27+00:00Z,103:12,00:19
2022-10-02T15:07:46+00:00Z,103:31,00:18
2022-10-02T15:08:05+00:00Z,103:50,00:18
2022-10-02T15:08:23+00:00Z,104:07,00:17
2022-10-02T15:08:42+00:00Z,104:27,00:19
2022-10-02T15:09:00+00:00Z,104:44,00:17
2022-10-02T15:09:18+00:00Z,105:03,00:18
2022-10-02T15:09:36+00:00Z,105:21,00:17
2022-10-02T15:09:53+00:00Z,105:38,00:16
2022-10-02T15:10:10+00:00Z,105:54,00:16
2022-10-02T15:10:27+00:00Z,106:12,00:17
2022-10-02T15:10:45+00:00Z,106:30,00:17
2022-10-02T15:11:02+00:00Z,106:47,00:17
2022-10-02T15:11:22+00:00Z,107:07,00:19
2022-10-02T15:11:40+00:00Z,107:25,00:18
2022-10-02T15:11:58+00:00Z,107:43,00:18
2022-10-02T15:12:18+00:00Z,108:03,00:19
2022-10-02T15:12:35+00:00Z,108:19,00:16
2022-10-02T15:12:53+00:00Z,108:38,00:18
2022-10-02T15:13:11+00:00Z,108:56,00:18
2022-10-02T15:13:30+00:00Z,109:15,00:18
2022-10-02T15:13:47+00:00Z,109:32,00:17
2022-10-02T15:14:07+00:00Z,109:52,00:19
2022-10-02T15:14:26+00:00Z,110:11,00:19
2022-10-02T15:14:45+00:00Z,110:30,00:19
2022-10-02T15:15:03+00:00Z,110:47,00:17
2022-10-02T15:15:21+00:00Z,111:05,00:17
2022-10-02T15:15:39+00:00Z,111:23,00:18
2022-10-02T15:15:56+00:00Z,111:41,00:17
2022-10-02T15:16:14+00:00Z,111:58,00:17
2022-10-02T15:16:33+00:00Z,112:18,00:19
2022-10-02T15:16:51+00:00Z,112:36,00:18
2022-10-02T15:17:11+00:00Z,112:55,00:19
2022-10-02T15:17:29+00:00Z,113:14,00:18
2022-10-02T15:17:48+00:00Z,113:33,00:18
2022-10-02T15:18:07+00:00Z,113:52,00:19
2022-10-02T15:18:26+00:00Z,114:11,00:18
2022-10-02T15:18:44+00:00Z,114:29,00:17
2022-10-02T15:19:02+00:00Z,114:47,00:18
2022-10-02T15:19:19+00:00Z,115:04,00:16
2022-10-02T15:19:37+00:00Z,115:22,00:17
2022-10-02T15:19:55+00:00Z,115:40,00:18
2022-10-02T15:20:13+00:00Z,115:58,00:17
2022-10-02T15:20:32+00:00Z,116:17,00:18
2022-10-02T15:20:49+00:00Z,116:33,00:16
2022-10-02T15:21:08+00:00Z,116:52,00:19
2022-10-02T15:21:26+00:00Z,117:11,00:18
2022-10-02T15:21:44+00:00Z,117:29,00:18
2022-10-02T15:22:02+00:00Z,117:47,00:18
2022-10-02T15:22:21+00:00Z,118:06,00:19
2022-10-02T15:22:41+00:00Z,118:26,00:19
2022-10-02T15:23:01+00:00Z,118:46,00:19
2022-10-02T15:23:19+00:00Z,119:04,00:18
2022-10-02T15:23:39+00:00Z,119:23,00:19
2022-10-02T15:23:56+00:00Z,119:41,00:17
2022-10-02T15:24:15+00:00Z,120:00,00:19
2022-10-02T15:24:35+00:00Z,120:19,00:19
2022-10-02T15:24:54+00:00Z,120:39,00:19
2022-10-02T15:25:14+00:00Z,120:59,00:20
2022-10-02T15:25:33+00:00Z,121:18,00:18
2022-10-02T15:25:54+00:00Z,121:38,00:20
2022-10-02T15:26:13+00:00Z,121:58,00:19
2022-10-02T15:26:31+00:00Z,122:16,00:18
2022-10-02T15:26:50+00:00Z,122:35,00:18
2022-10-02T15:27:09+00:00Z,122:53,00:18
2022-10-02T15:27:28+00:00Z,123:13,00:19
2022-10-02T15:27:48+00:00Z,123:33,00:20
2022-10-02T15:28:09+00:00Z,123:54,00:20
2022-10-02T15:28:26+00:00Z,124:11,00:17
2022-10-02T15:28:46+00:00Z,124:30,00:19
2022-10-02T15:29:04+00:00Z,124:49,00:18
2022-10-02T15:29:24+00:00Z,125:09,00:19
2022-10-02T15:29:45+00:00Z,125:30,00:21
2022-10-02T15:30:03+00:00Z,125:48,00:18
2022-10-02T15:30:24+00:00Z,126:09,00:20
2022-10-02T15:30:44+00:00Z,126:29,00:20
2022-10-02T15:31:02+00:00Z,126:47,00:18
2022-10-02T15:31:23+00:00Z,127:08,00:20
2022-10-02T15:31:44+00:00Z,127:28,00:20
2022-10-02T15:32:02+00:00Z,127:47,00:18
2022-10-02T15:32:22+00:00Z,128:07,00:20
2022-10-02T15:32:42+00:00Z,128:27,00:19
2022-10-02T15:33:01+00:00Z,128:45,00:18
2022-10-02T15:33:19+00:00Z,129:04,00:18
2022-10-02T15:33:39+00:00Z,129:24,00:20
2022-10-02T15:33:57+00:00Z,129:42,00:17
2022-10-02T15:34:15+00:00Z,129:59,00:17
2022-10-02T15:34:33+00:00Z,130:18,00:18
2022-10-02T15:34:51+00:00Z,130:36,00:17
2022-10-02T15:35:09+00:00Z,130:54,00:18
2022-10-02T15:35:29+00:00Z,131:14,00:20
2022-10-02T15:35:47+00:00Z,131:32,00:17
2022-10-02T15:36:06+00:00Z,131:51,00:18
2022-10-02T15:36:26+00:00Z,132:11,00:19
2022-10-02T15:36:44+00:00Z,132:28,00:17
2022-10-02T15:37:02+00:00Z,132:47,00:18
2022-10-02T15:37:20+00:00Z,133:05,00:17
2022-10-02T15:37:38+00:00Z,133:23,00:18
2022-10-02T15:37:57+00:00Z,133:42,00:19
2022-10-02T15:38:16+00:00Z,134:01,00:18
2022-10-02T15:38:35+00:00Z,134:20,00:18
2022-10-02T15:38:56+00:00Z,134:41,00:20
2022-10-02T15:39:16+00:00Z,135:01,00:20
2022-10-02T15:39:35+00:00Z,135:20,00:18
2022-10-02T15:39:54+00:00Z,135:39,00:19
2022-10-02T15:40:12+00:00Z,135:57,00:17
2022-10-02T15:40:33+00:00Z,136:18,00:20
2022-10-02T15:40:51+00:00Z,136:36,00:18
2022-10-02T15:41:11+00:00Z,136:56,00:20
2022-10-02T15:41:29+00:00Z,137:14,00:18
2022-10-02T15:41:46+00:00Z,137:31,00:17
2022-10-02T15:42:05+00:00Z,137:50,00:18
2022-10-02T15:42:22+00:00Z,138:07,00:17
2022-10-02T15:42:41+00:00Z,138:26,00:18
2022-10-02T15:42:58+00:00Z,138:43,00:17
2022-10-02T15:43:16+00:00Z,139:01,00:18
2022-10-02T15:43:35+00:00Z,139:20,00:18
2022-10-02T15:43:53+00:00Z,139:38,00:18
2022-10-02T15:44:13+00:00Z,139:57,00:19
2022-10-02T15:44:31+00:00Z,140:16,00:18
2022-10-02T15:44:50+00:00Z,140:35,00:18
2022-10-02T15:45:08+00:00Z,140:53,00:18
2022-10-02T15:45:27+00:00Z,141:12,00:18
2022-10-02T15:45:45+00:00Z,141:30,00:18
2022-10-02T15:46:05+00:00Z,141:49,00:19
2022-10-02T15:46:23+00:00Z,142:07,00:18
2022-10-02T15:46:42+00:00Z,142:26,00:18
2022-10-02T15:47:00+00:00Z,142:45,00:18
2022-10-02T15:47:19+00:00Z,143:04,00:18
2022-10-02T15:47:38+00:00Z,143:23,00:18
2022-10-02T15:47:56+00:00Z,143:41,00:18
2022-10-02T15:48:15+00:00Z,144:00,00:19
2022-10-02T15:48:34+00:00Z,144:19,00:18
2022-10-02T15:48:52+00:00Z,144:37,00:18
2022-10-02T15:49:12+00:00Z,144:57,00:19
2022-10-02T15:49:29+00:00Z,145:14,00:17
2022-10-02T15:49:48+00:00Z,145:33,00:18
2022-10-02T15:50:08+00:00Z,145:52,00:19
2022-10-02T15:50:27+00:00Z,146:12,00:19
2022-10-02T15:50:48+00:00Z,146:33,00:20
2022-10-02T15:51:08+00:00Z,146:52,00:19
2022-10-02T15:51:28+00:00Z,147:12,00:20
2022-10-02T15:51:47+00:00Z,147:32,00:19
2022-10-02T15:52:07+00:00Z,147:52,00:19
2022-10-02T15:52:26+00:00Z,148:10,00:18
2022-10-02T15:52:43+00:00Z,148:28,00:17
2022-10-02T15:53:01+00:00Z,148:46,00:17
2022-10-02T15:53:19+00:00Z,149:04,00:17
2022-10-02T15:53:36+00:00Z,149:21,00:16
2022-10-02T15:53:55+00:00Z,149:39,00:18
2022-10-02T15:54:14+00:00Z,149:59,00:19
2022-10-02T15:54:32+00:00Z,150:17,00:17
2022-10-02T15:54:50+00:00Z,150:35,00:18
2022-10-02T15:55:07+00:00Z,150:52,00:17
2022-10-02T15:55:26+00:00Z,151:10,00:18
2022-10-02T15:55:42+00:00Z,151:27,00:16
2022-10-02T15:56:01+00:00Z,151:46,00:19
2022-10-02T15:56:21+00:00Z,152:06,00:19
2022-10-02T15:56:40+00:00Z,152:25,00:19
2022-10-02T15:56:58+00:00Z,152:43,00:17
2022-10-02T15:57:17+00:00Z,153:02,00:18
2022-10-02T15:57:36+00:00Z,153:21,00:19
2022-10-02T15:57:55+00:00Z,153:40,00:18
2022-10-02T15:58:13+00:00Z,153:58,00:18
2022-10-02T15:58:31+00:00Z,154:16,00:17
2022-10-02T15:58:48+00:00Z,154:33,00:17
2022-10-02T15:59:07+00:00Z,154:52,00:18
2022-10-02T15:59:24+00:00Z,155:09,00:17
2022-10-02T15:59:42+00:00Z,155:27,00:17
2022-10-02T16:00:00+00:00Z,155:44,00:17
2022-10-02T16:00:17+00:00Z,156:02,00:17
2022-10-02T16:00:36+00:00Z,156:21,00:18
2022-10-02T16:00:54+00:00Z,156:39,00:17
2022-10-02T16:01:11+00:00Z,156:56,00:16
2022-10-02T16:01:29+00:00Z,157:13,00:17
2022-10-02T16:01:47+00:00Z,157:32,00:18
2022-10-02T16:02:06+00:00Z,157:51,00:18
2022-10-02T16:02:26+00:00Z,158:11,00:20
2022-10-02T16:02:45+00:00Z,158:30,00:19
2022-10-02T16:03:03+00:00Z,158:48,00:18
2022-10-02T16:03:23+00:00Z,159:07,00:19
2022-10-02T16:03:40+00:00Z,159:25,00:17
2022-10-02T16:03:57+00:00Z,159:41,00:16
2022-10-02T16:04:14+00:00Z,159:59,00:17
2022-10-02T16:04:32+00:00Z,160:17,00:18
2022-10-02T16:04:50+00:00Z,160:35,00:18
2022-10-02T16:05:08+00:00Z,160:53,00:17
2022-10-02T16:05:26+00:00Z,161:11,00:18
2022-10-02T16:05:44+00:00Z,161:29,00:17
2022-10-02T16:06:02+00:00Z,161:47,00:17
2022-10-02T16:06:23+00:00Z,162:08,00:20
2022-10-02T16:06:41+00:00Z,162:25,00:17
2022-10-02T16:07:00+00:00Z,162:45,00:19
2022-10-02T16:07:20+00:00Z,163:05,00:19
2022-10-02T16:07:38+00:00Z,163:23,00:18
2022-10-02T16:07:57+00:00Z,163:42,00:19
2022-10-02T16:08:16+00:00Z,164:01,00:19
2022-10-02T16:08:35+00:00Z,164:19,00:18
2022-10-02T16:08:53+00:00Z,164:38,00:18
2022-10-02T16:09:15+00:00Z,164:59,00:21
2022-10-02T16:09:33+00:00Z,165:18,00:18
2022-10-02T16:09:53+00:00Z,165:38,00:19
2022-10-02T16:10:11+00:00Z,165:56,00:18
2022-10-02T16:10:31+00:00Z,166:16,00:19
2022-10-02T16:10:51+00:00Z,166:36,00:19
2022-10-02T16:11:10+00:00Z,166:55,00:19
2022-10-02T16:11:29+00:00Z,167:13,00:18
2022-10-02T16:11:47+00:00Z,167:32,00:18
2022-10-02T16:12:06+00:00Z,167:50,00:18
2022-10-02T16:12:24+00:00Z,168:08,00:18
2022-10-02T16:12:43+00:00Z,168:28,00:19
2022-10-02T16:13:01+00:00Z,168:46,00:17
2022-10-02T16:13:19+00:00Z,169:04,00:18
2022-10-02T16:13:39+00:00Z,169:23,00:19
2022-10-02T16:13:56+00:00Z,169:40,00:17
2022-10-02T16:14:14+00:00Z,169:59,00:18
2022-10-02T16:14:34+00:00Z,170:18,00:19
2022-10-02T16:14:52+00:00Z,170:37,00:18
2022-10-02T16:15:10+00:00Z,170:55,00:17
2022-10-02T16:15:28+00:00Z,171:13,00:18
2022-10-02T16:15:48+00:00Z,171:33,00:19
2022-10-02T16:16:06+00:00Z,171:50,00:17
2022-10-02T16:16:23+00:00Z,172:08,00:17
2022-10-02T16:16:41+00:00Z,172:26,00:18
2022-10-02T16:17:00+00:00Z,172:45,00:18
2022-10-02T16:17:19+00:00Z,173:04,00:19
2022-10-02T16:17:38+00:00Z,173:23,00:19
2022-10-02T16:17:58+00:00Z,173:43,00:19
2022-10-02T16:18:17+00:00Z,174:02,00:18
2022-10-02T16:18:35+00:00Z,174:19,00:17
2022-10-02T16:18:53+00:00Z,174:38,00:18
2022-10-02T16:19:11+00:00Z,174:56,00:18
2022-10-02T16:19:30+00:00Z,175:15,00:18
2022-10-02T16:19:50+00:00Z,175:34,00:19
2022-10-02T16:20:09+00:00Z,175:54,00:19
2022-10-02T16:20:27+00:00Z,176:12,00:18
2022-10-02T16:20:46+00:00Z,176:31,00:18
2022-10-02T16:21:05+00:00Z,176:49,00:18
2022-10-02T16:21:23+00:00Z,177:08,00:18
2022-10-02T16:21:44+00:00Z,177:28,00:20
2022-10-02T16:22:02+00:00Z,177:46,00:18
2022-10-02T16:22:21+00:00Z,178:06,00:19
2022-10-02T16:22:41+00:00Z,178:26,00:20
2022-10-02T16:23:00+00:00Z,178:44,00:18
2022-10-02T16:23:19+00:00Z,179:04,00:19
2022-10-02T16:23:38+00:00Z,179:23,00:19
2022-10-02T16:23:57+00:00Z,179:42,00:18
2022-10-02T16:24:17+00:00Z,180:01,00:19
2022-10-02T16:24:37+00:00Z,180:21,00:19
2022-10-02T16:24:56+00:00Z,180:41,00:19
2022-10-02T16:25:16+00:00Z,181:00,00:19
2022-10-02T16:25:34+00:00Z,181:19,00:18
2022-10-02T16:25:53+00:00Z,181:38,00:19
2022-10-02T16:26:12+00:00Z,181:56,00:18
2022-10-02T16:26:32+00:00Z,182:17,00:20
2022-10-02T16:26:53+00:00Z,182:38,00:21
2022-10-02T16:27:12+00:00Z,182:57,00:19
2022-10-02T16:27:34+00:00Z,183:19,00:21
2022-10-02T16:27:54+00:00Z,183:39,00:20
2022-10-02T16:28:13+00:00Z,183:58,00:19
2022-10-02T16:28:32+00:00Z,184:17,00:18
2022-10-02T16:28:52+00:00Z,184:37,00:19
2022-10-02T16:29:13+00:00Z,184:58,00:21
2022-10-02T16:29:33+00:00Z,185:18,00:19
2022-10-02T16:29:54+00:00Z,185:38,00:20
2022-10-02T16:30:13+00:00Z,185:58,00:19
2022-10-02T16:30:33+00:00Z,186:18,00:19
2022-10-02T16:30:54+00:00Z,186:38,00:20
2022-10-02T16:31:16+00:00Z,187:01,00:22
2022-10-02T16:31:35+00:00Z,187:20,00:19
2022-10-02T16:31:55+00:00Z,187:40,00:19
2022-10-02T16:32:14+00:00Z,187:59,00:19
2022-10-02T16:32:33+00:00Z,188:18,00:19
2022-10-02T16:32:52+00:00Z,188:37,00:18
2022-10-02T16:33:09+00:00Z,188:53,00:16
2022-10-02T16:33:24+00:00Z,189:09,00:15
2022-10-02T16:33:39+00:00Z,189:24,00:15
2022-10-02T16:33:55+00:00Z,189:40,00:16
2022-10-02T16:34:09+00:00Z,189:54,00:13
2022-10-02T16:34:23+00:00Z,190:08,00:14
2022-10-02T16:34:37+00:00Z,190:22,00:14
2022-10-02T16:34:51+00:00Z,190:36,00:13
2022-10-02T16:35:05+00:00Z,190:50,00:14
2022-10-02T16:35:22+00:00Z,191:06,00:16
2022-10-02T16:35:42+00:00Z,191:26,00:20
2022-10-02T16:35:59+00:00Z,191:43,00:16
2022-10-02T16:36:14+00:00Z,191:59,00:15
2022-10-02T16:36:29+00:00Z,192:14,00:15
2022-10-02T16:36:43+00:00Z,192:28,00:13
2022-10-02T16:36:58+00:00Z,192:43,00:15
2022-10-02T16:37:13+00:00Z,192:58,00:15
2022-10-02T16:37:28+00:00Z,193:13,00:14
2022-10-02T16:37:42+00:00Z,193:27,00:14
2022-10-02T16:37:55+00:00Z,193:39,00:12
2022-10-02T16:38:08+00:00Z,193:53,00:13
2022-10-02T16:38:22+00:00Z,194:07,00:13
2022-10-02T16:38:35+00:00Z,194:20,00:12
2022-10-02T16:38:46+00:00Z,194:30,00:10
